id,chart_template_id:id,code,name,user_type_id:id,reconcile
tw_110100,l10n_chart_tw_standard_business,110100,現金及約當現金,account.data_account_type_liquidity,TRUE
tw_110101,l10n_chart_tw_standard_business,110101,庫存現金,account.data_account_type_liquidity,TRUE
tw_110102,l10n_chart_tw_standard_business,110102,零用金,account.data_account_type_liquidity,TRUE
tw_110200,l10n_chart_tw_standard_business,110200,銀行存款-支票存款,account.data_account_type_liquidity,TRUE
tw_110201,l10n_chart_tw_standard_business,110201,零用金∕週轉金(合併),account.data_account_type_liquidity,FALSE
tw_110300,l10n_chart_tw_standard_business,110300,銀行存款-活期存款,account.data_account_type_liquidity,TRUE
tw_110301,l10n_chart_tw_standard_business,110301,銀行存款(合併),account.data_account_type_liquidity,FALSE
tw_110400,l10n_chart_tw_standard_business,110400,銀行存款-外匯存款,account.data_account_type_liquidity,TRUE
tw_110500,l10n_chart_tw_standard_business,110500,銀行存款-備償專戶,account.data_account_type_liquidity,FALSE
tw_110501,l10n_chart_tw_standard_business,110501,在途現金(合併),account.data_account_type_liquidity,FALSE
tw_110600,l10n_chart_tw_standard_business,110600,銀行存款-定期存款,account.data_account_type_liquidity,FALSE
tw_110601,l10n_chart_tw_standard_business,110601,定期存款,account.data_account_type_liquidity,FALSE
tw_110800,l10n_chart_tw_standard_business,110800,分類為約當現金之銀行透支,account.data_account_type_liquidity,FALSE
tw_110801,l10n_chart_tw_standard_business,110801,分類為約當現金之銀行透支,account.data_account_type_liquidity,FALSE
tw_111000,l10n_chart_tw_standard_business,111000,透過損益按公允價值衡量之金融資產-流動,account.data_account_type_current_assets,FALSE
tw_111101,l10n_chart_tw_standard_business,111101,原始認列時指定為透過損益按公允價值衡量之金融資產-流動,account.data_account_type_current_assets,FALSE
tw_111201,l10n_chart_tw_standard_business,111201,原始認列時指定為透過損益按公允價值衡量之金融資產評價調整-流動,account.data_account_type_current_assets,FALSE
tw_111301,l10n_chart_tw_standard_business,111301,強制按公允價值衡量之金融資產-流動,account.data_account_type_current_assets,FALSE
tw_111401,l10n_chart_tw_standard_business,111401,強制按公允價值衡量之金融資產評價調整-流動,account.data_account_type_current_assets,FALSE
tw_111501,l10n_chart_tw_standard_business,111501,持有供交易之金融資產-流動,account.data_account_type_current_assets,FALSE
tw_111601,l10n_chart_tw_standard_business,111601,持有供交易之金融資產評價調整-流動,account.data_account_type_current_assets,FALSE
tw_112000,l10n_chart_tw_standard_business,112000,透過其他綜合損益按公允價值衡量之金融資產-流動,account.data_account_type_current_assets,FALSE
tw_112101,l10n_chart_tw_standard_business,112101,透過其他綜合損益按公允價值衡量之金融資產-流動,account.data_account_type_current_assets,FALSE
tw_112201,l10n_chart_tw_standard_business,112201,透過其他綜合損益按公允價值衡量之金融資產評價調整-流動,account.data_account_type_current_assets,FALSE
tw_112500,l10n_chart_tw_standard_business,112500,備供出售金融資產-流動,account.data_account_type_current_assets,FALSE
tw_112601,l10n_chart_tw_standard_business,112601,備供出售金融資產(成本)-流動,account.data_account_type_current_assets,FALSE
tw_112701,l10n_chart_tw_standard_business,112701,備供出售金融資產評價調整-流動,account.data_account_type_current_assets,FALSE
tw_112901,l10n_chart_tw_standard_business,112901,累計減損-備供出售金融資產-流動,account.data_account_type_current_assets,FALSE
tw_113000,l10n_chart_tw_standard_business,113000,持有至到期日金融資產-流動,account.data_account_type_current_assets,FALSE
tw_113101,l10n_chart_tw_standard_business,113101,持有至到期日金融資產-流動,account.data_account_type_current_assets,FALSE
tw_113201,l10n_chart_tw_standard_business,113201,累計減損-持有至到期日金融資產-流動,account.data_account_type_current_assets,FALSE
tw_113501,l10n_chart_tw_standard_business,113501,避險之衍生金融資產-流動,account.data_account_type_current_assets,FALSE
tw_114000,l10n_chart_tw_standard_business,114000,按攤銷後成本衡量之金融資產-流動,account.data_account_type_current_assets,FALSE
tw_114101,l10n_chart_tw_standard_business,114101,按攤銷後成本衡量之金融資產-流動,account.data_account_type_current_assets,FALSE
tw_114201,l10n_chart_tw_standard_business,114201,累計減損-按攤銷後成本衡量之金融資產-流動,account.data_account_type_current_assets,FALSE
tw_114400,l10n_chart_tw_standard_business,114400,以成本衡量之金融資產-流動,account.data_account_type_current_assets,FALSE
tw_114501,l10n_chart_tw_standard_business,114501,以成本衡量之金融資產-流動,account.data_account_type_current_assets,FALSE
tw_114601,l10n_chart_tw_standard_business,114601,累計減損-以成本衡量之金融資產-流動,account.data_account_type_current_assets,FALSE
tw_114700,l10n_chart_tw_standard_business,114700,無活絡市場之債券投資-流動,account.data_account_type_current_assets,FALSE
tw_114801,l10n_chart_tw_standard_business,114801,無活絡市場之債券投資-流動,account.data_account_type_current_assets,FALSE
tw_114901,l10n_chart_tw_standard_business,114901,累計減損-無活絡市場之債券投資-流動,account.data_account_type_current_assets,FALSE
tw_115000,l10n_chart_tw_standard_business,115000,應收票據淨額,account.data_account_type_current_assets,FALSE
tw_115101,l10n_chart_tw_standard_business,115101,應收票據,account.data_account_type_receivable,TRUE
tw_115201,l10n_chart_tw_standard_business,115201,其他應收票據,account.data_account_type_receivable,TRUE
tw_115301,l10n_chart_tw_standard_business,115301,應收票據貼現,account.data_account_type_receivable,TRUE
tw_115901,l10n_chart_tw_standard_business,115901,備抵呆帳-應收票據,account.data_account_type_current_assets,FALSE
tw_116000,l10n_chart_tw_standard_business,116000,應收票據-關係人淨額,account.data_account_type_current_assets,FALSE
tw_116101,l10n_chart_tw_standard_business,116101,應收票據-關係人,account.data_account_type_current_assets,FALSE
tw_116201,l10n_chart_tw_standard_business,116201,其他應收票據-關係人,account.data_account_type_current_assets,FALSE
tw_116301,l10n_chart_tw_standard_business,116301,應收票據貼現-關係人,account.data_account_type_current_assets,FALSE
tw_116901,l10n_chart_tw_standard_business,116901,備抵呆帳-應收票據-關係人,account.data_account_type_current_assets,FALSE
tw_117000,l10n_chart_tw_standard_business,117000,應收帳款淨額,account.data_account_type_current_assets,FALSE
tw_117201,l10n_chart_tw_standard_business,117201,應收帳款,account.data_account_type_receivable,TRUE
tw_117301,l10n_chart_tw_standard_business,117301,應收分期帳款,account.data_account_type_receivable,TRUE
tw_117401,l10n_chart_tw_standard_business,117401,未實現利息收入-應收分期帳款,account.data_account_type_receivable,TRUE
tw_117501,l10n_chart_tw_standard_business,117501,應收租賃款,account.data_account_type_receivable,TRUE
tw_117601,l10n_chart_tw_standard_business,117601,融資租賃之未賺得融資收益,account.data_account_type_current_assets,FALSE
tw_117701,l10n_chart_tw_standard_business,117701,備抵銷售退回及折讓,account.data_account_type_current_assets,FALSE
tw_117901,l10n_chart_tw_standard_business,117901,備抵呆帳-應收帳款,account.data_account_type_current_assets,FALSE
tw_118000,l10n_chart_tw_standard_business,118000,應收帳款-關係人淨額,account.data_account_type_current_assets,FALSE
tw_118101,l10n_chart_tw_standard_business,118101,應收帳款-關係人,account.data_account_type_current_assets,FALSE
tw_118201,l10n_chart_tw_standard_business,118201,應收分期帳款-關係人,account.data_account_type_current_assets,FALSE
tw_118301,l10n_chart_tw_standard_business,118301,未實現利息收入-應收關係人分期帳款,account.data_account_type_current_assets,FALSE
tw_118401,l10n_chart_tw_standard_business,118401,應收租賃款-關係人,account.data_account_type_current_assets,FALSE
tw_118501,l10n_chart_tw_standard_business,118501,融資租賃之未賺得融資收益-關係人,account.data_account_type_current_assets,FALSE
tw_118901,l10n_chart_tw_standard_business,118901,備抵呆帳-應收關係人帳款,account.data_account_type_current_assets,FALSE
tw_120000,l10n_chart_tw_standard_business,120000,其他應收款,account.data_account_type_receivable,TRUE
tw_120101,l10n_chart_tw_standard_business,120101,應收退稅款,account.data_account_type_receivable,TRUE
tw_120401,l10n_chart_tw_standard_business,120401,應收歸墊款,account.data_account_type_receivable,TRUE
tw_120501,l10n_chart_tw_standard_business,120501,應收收益,account.data_account_type_current_assets,FALSE
tw_120601,l10n_chart_tw_standard_business,120601,其他應收帳款-其他,account.data_account_type_current_assets,FALSE
tw_120901,l10n_chart_tw_standard_business,120901,備抵呆帳-其他應收款項,account.data_account_type_current_assets,FALSE
tw_121000,l10n_chart_tw_standard_business,121000,其他應收帳款-關係人,account.data_account_type_current_assets,FALSE
tw_121101,l10n_chart_tw_standard_business,121101,應收收益-關係人,account.data_account_type_current_assets,FALSE
tw_121201,l10n_chart_tw_standard_business,121201,其他應收帳款-關係人-其他,account.data_account_type_current_assets,FALSE
tw_121901,l10n_chart_tw_standard_business,121901,備抵呆帳-其他應收關係人款項,account.data_account_type_current_assets,FALSE
tw_122000,l10n_chart_tw_standard_business,122000,當期所得稅資產,account.data_account_type_current_assets,FALSE
tw_122101,l10n_chart_tw_standard_business,122101,應收所得稅退稅款,account.data_account_type_current_assets,FALSE
tw_122201,l10n_chart_tw_standard_business,122201,預付所得稅,account.data_account_type_current_assets,TRUE
tw_130000,l10n_chart_tw_standard_business,130000,存貨-買賣業,account.data_account_type_current_assets,TRUE
tw_130101,l10n_chart_tw_standard_business,130101,商品存貨,account.data_account_type_current_assets,TRUE
tw_130201,l10n_chart_tw_standard_business,130201,寄銷品,account.data_account_type_current_assets,TRUE
tw_130801,l10n_chart_tw_standard_business,130801,在途商品,account.data_account_type_current_assets,TRUE
tw_130901,l10n_chart_tw_standard_business,130901,備抵存貨跌價-買賣,account.data_account_type_current_assets,TRUE
tw_131000,l10n_chart_tw_standard_business,131000,存貨-製造業,account.data_account_type_current_assets,TRUE
tw_131101,l10n_chart_tw_standard_business,131101,製成品,account.data_account_type_current_assets,TRUE
tw_131201,l10n_chart_tw_standard_business,131201,副產品,account.data_account_type_current_assets,TRUE
tw_131301,l10n_chart_tw_standard_business,131301,半成品,account.data_account_type_current_assets,TRUE
tw_131401,l10n_chart_tw_standard_business,131401,在製品,account.data_account_type_current_assets,TRUE
tw_131501,l10n_chart_tw_standard_business,131501,原料,account.data_account_type_current_assets,TRUE
tw_131601,l10n_chart_tw_standard_business,131601,物料,account.data_account_type_current_assets,TRUE
tw_131801,l10n_chart_tw_standard_business,131801,在途原物料,account.data_account_type_current_assets,TRUE
tw_131901,l10n_chart_tw_standard_business,131901,備抵存貨跌價-製造,account.data_account_type_current_assets,TRUE
tw_141000,l10n_chart_tw_standard_business,141000,預付款項,account.data_account_type_prepayments,TRUE
tw_141101,l10n_chart_tw_standard_business,141101,預付薪資,account.data_account_type_prepayments,TRUE
tw_141201,l10n_chart_tw_standard_business,141201,預付租金,account.data_account_type_prepayments,TRUE
tw_141401,l10n_chart_tw_standard_business,141401,預付保險費,account.data_account_type_prepayments,TRUE
tw_141501,l10n_chart_tw_standard_business,141501,用品盤存,account.data_account_type_current_assets,TRUE
tw_141601,l10n_chart_tw_standard_business,141601,預付退休金-流動,account.data_account_type_current_assets,TRUE
tw_141901,l10n_chart_tw_standard_business,141901,預付費用,account.data_account_type_prepayments,TRUE
tw_141902,l10n_chart_tw_standard_business,141902,其他預付費用,account.data_account_type_prepayments,TRUE
tw_142101,l10n_chart_tw_standard_business,142101,預付貨款,account.data_account_type_prepayments,TRUE
tw_142201,l10n_chart_tw_standard_business,142201,預付投資款,account.data_account_type_prepayments,TRUE
tw_142301,l10n_chart_tw_standard_business,142301,進項稅額,account.data_account_type_current_liabilities,FALSE
tw_142401,l10n_chart_tw_standard_business,142401,留抵稅額,account.data_account_type_current_liabilities,FALSE
tw_142901,l10n_chart_tw_standard_business,142901,其他預付款,account.data_account_type_prepayments,FALSE
tw_145000,l10n_chart_tw_standard_business,145000,待分配予業主之非流動資產(或處分群組)淨額,account.data_account_type_non_current_assets,FALSE
tw_145101,l10n_chart_tw_standard_business,145101,待分配予業主之非流動資產(或處分群組),account.data_account_type_non_current_assets,FALSE
tw_145201,l10n_chart_tw_standard_business,145201,累計減損-待分配予業主之非流動資產(或處分群組),account.data_account_type_non_current_assets,FALSE
tw_146000,l10n_chart_tw_standard_business,146000,待出售非流動資產(淨額),account.data_account_type_non_current_assets,FALSE
tw_146101,l10n_chart_tw_standard_business,146101,待出售之非流動資產,account.data_account_type_non_current_assets,FALSE
tw_146201,l10n_chart_tw_standard_business,146201,累計減損-待出售非流動資產,account.data_account_type_non_current_assets,FALSE
tw_147000,l10n_chart_tw_standard_business,147000,其他流動資產,account.data_account_type_non_current_assets,FALSE
tw_147101,l10n_chart_tw_standard_business,147101,暫付款,account.data_account_type_current_assets,FALSE
tw_147201,l10n_chart_tw_standard_business,147201,代付款,account.data_account_type_current_assets,FALSE
tw_147202,l10n_chart_tw_standard_business,147202,代付款-關係人,account.data_account_type_current_assets,FALSE
tw_147301,l10n_chart_tw_standard_business,147301,員工借支,account.data_account_type_current_assets,FALSE
tw_147401,l10n_chart_tw_standard_business,147401,遞延兌換損失,account.data_account_type_current_assets,FALSE
tw_147601,l10n_chart_tw_standard_business,147601,其他金融資產-流動,account.data_account_type_current_assets,FALSE
tw_147701,l10n_chart_tw_standard_business,147701,受限制資產,account.data_account_type_current_assets,FALSE
tw_147901,l10n_chart_tw_standard_business,147901,其他流動資產-其他,account.data_account_type_current_assets,FALSE
tw_151000,l10n_chart_tw_standard_business,151000,透過損益按公允價值衡量之金融資產-非流動,account.data_account_type_non_current_assets,FALSE
tw_151101,l10n_chart_tw_standard_business,151101,原始認列時指定為透過損益按公允價值衡量之金融資產-非流動,account.data_account_type_non_current_assets,FALSE
tw_151201,l10n_chart_tw_standard_business,151201,原始認列時指定為透過損益按公允價值衡量之金融資產評價調整-非流動,account.data_account_type_non_current_assets,FALSE
tw_151301,l10n_chart_tw_standard_business,151301,強制按公允價值衡量之金融資產-非流動,account.data_account_type_non_current_assets,FALSE
tw_151401,l10n_chart_tw_standard_business,151401,強制按公允價值衡量之金融資產評價調整-非流動,account.data_account_type_non_current_assets,FALSE
tw_151501,l10n_chart_tw_standard_business,151501,持有供交易之金融資產-非流動,account.data_account_type_non_current_assets,FALSE
tw_151601,l10n_chart_tw_standard_business,151601,持有供交易之金融資產評價調整-非流動,account.data_account_type_non_current_assets,FALSE
tw_152000,l10n_chart_tw_standard_business,152000,透過其他綜合損益按公允價值衡量之金融資產-非流動,account.data_account_type_non_current_assets,FALSE
tw_152101,l10n_chart_tw_standard_business,152101,透過其他綜合損益按公允價值衡量之金融資產-非流動,account.data_account_type_non_current_assets,FALSE
tw_152201,l10n_chart_tw_standard_business,152201,透過其他綜合損益按公允價值衡量之金融資產評價調整-非流動,account.data_account_type_non_current_assets,FALSE
tw_152300,l10n_chart_tw_standard_business,152300,備供出售金融資產-非流動,account.data_account_type_non_current_assets,FALSE
tw_152401,l10n_chart_tw_standard_business,152401,備供出售金融資產-非流動,account.data_account_type_non_current_assets,FALSE
tw_152501,l10n_chart_tw_standard_business,152501,備供出售金融資產評價調整-非流動,account.data_account_type_non_current_assets,FALSE
tw_152601,l10n_chart_tw_standard_business,152601,累計減損-備供出售金融資產-非流動,account.data_account_type_non_current_assets,FALSE
tw_152700,l10n_chart_tw_standard_business,152700,持有至到期日金融資產-非流動,account.data_account_type_non_current_assets,FALSE
tw_152801,l10n_chart_tw_standard_business,152801,持有至到期日金融資產-非流動,account.data_account_type_non_current_assets,FALSE
tw_152901,l10n_chart_tw_standard_business,152901,累計減損-持有至到期日金融資產-非流動,account.data_account_type_non_current_assets,FALSE
tw_153001,l10n_chart_tw_standard_business,153001,避險之衍生金融資產-非流動,account.data_account_type_non_current_assets,FALSE
tw_154000,l10n_chart_tw_standard_business,154000,按攤銷後成本衡量之金融資產-非流動,account.data_account_type_non_current_assets,FALSE
tw_154101,l10n_chart_tw_standard_business,154101,按攤銷後成本衡量之金融資產-非流動,account.data_account_type_non_current_assets,FALSE
tw_154201,l10n_chart_tw_standard_business,154201,累計減損-按攤銷後成本衡量之金融資產-非流動,account.data_account_type_non_current_assets,FALSE
tw_154300,l10n_chart_tw_standard_business,154300,以成本衡量之金融資產-非流動,account.data_account_type_non_current_assets,FALSE
tw_154401,l10n_chart_tw_standard_business,154401,以成本衡量之金融資產-非流動,account.data_account_type_non_current_assets,FALSE
tw_154501,l10n_chart_tw_standard_business,154501,累計減損-以成本衡量之金融資產-非流動,account.data_account_type_non_current_assets,FALSE
tw_154600,l10n_chart_tw_standard_business,154600,無活絡市場之債券投資-非流動,account.data_account_type_non_current_assets,FALSE
tw_154701,l10n_chart_tw_standard_business,154701,無活絡市場之債券投資-非流動,account.data_account_type_non_current_assets,FALSE
tw_154801,l10n_chart_tw_standard_business,154801,累計減損-無活絡市場之債券投資-非流動,account.data_account_type_non_current_assets,FALSE
tw_155000,l10n_chart_tw_standard_business,155000,採用權益法之投資,account.data_account_type_non_current_assets,FALSE
tw_155101,l10n_chart_tw_standard_business,155101,採用權益法之投資,account.data_account_type_non_current_assets,FALSE
tw_155301,l10n_chart_tw_standard_business,155301,累計減損－採用權益法之投資,account.data_account_type_non_current_assets,FALSE
tw_160000,l10n_chart_tw_standard_business,160000,不動產、廠房及設備,account.data_account_type_non_current_assets,FALSE
tw_160100,l10n_chart_tw_standard_business,160100,土地淨額,account.data_account_type_non_current_assets,FALSE
tw_160201,l10n_chart_tw_standard_business,160201,土地成本,account.data_account_type_non_current_assets,FALSE
tw_160301,l10n_chart_tw_standard_business,160301,土地-重估增(減)值,account.data_account_type_non_current_assets,FALSE
tw_160401,l10n_chart_tw_standard_business,160401,累計減損-土地,account.data_account_type_non_current_assets,FALSE
tw_160500,l10n_chart_tw_standard_business,160500,土地改良物淨額,account.data_account_type_non_current_assets,FALSE
tw_160601,l10n_chart_tw_standard_business,160601,土地改良物成本,account.data_account_type_non_current_assets,FALSE
tw_160701,l10n_chart_tw_standard_business,160701,土地改良物-重估增(減)值,account.data_account_type_non_current_assets,FALSE
tw_160801,l10n_chart_tw_standard_business,160801,累計折舊-土地改良物,account.data_account_type_non_current_assets,FALSE
tw_160901,l10n_chart_tw_standard_business,160901,累計減損-土地改良物,account.data_account_type_non_current_assets,FALSE
tw_161000,l10n_chart_tw_standard_business,161000,房屋及建築淨額,account.data_account_type_non_current_assets,FALSE
tw_161101,l10n_chart_tw_standard_business,161101,房屋及建築成本,account.data_account_type_non_current_assets,FALSE
tw_161201,l10n_chart_tw_standard_business,161201,房屋及建築-重估增(減)值,account.data_account_type_non_current_assets,FALSE
tw_161301,l10n_chart_tw_standard_business,161301,累計折舊-房屋及建築,account.data_account_type_non_current_assets,FALSE
tw_161401,l10n_chart_tw_standard_business,161401,累計減損-房屋建築,account.data_account_type_non_current_assets,FALSE
tw_161500,l10n_chart_tw_standard_business,161500,機器設備淨額,account.data_account_type_non_current_assets,FALSE
tw_161601,l10n_chart_tw_standard_business,161601,機器設備成本,account.data_account_type_non_current_assets,FALSE
tw_161701,l10n_chart_tw_standard_business,161701,機器設備-重估增(減)值,account.data_account_type_non_current_assets,FALSE
tw_161801,l10n_chart_tw_standard_business,161801,累計折舊-機器設備,account.data_account_type_non_current_assets,FALSE
tw_161901,l10n_chart_tw_standard_business,161901,累計減損-機器設備,account.data_account_type_non_current_assets,FALSE
tw_167000,l10n_chart_tw_standard_business,167000,運輸設備淨額,account.data_account_type_non_current_assets,FALSE
tw_167101,l10n_chart_tw_standard_business,167101,運輸設備成本,account.data_account_type_non_current_assets,FALSE
tw_167201,l10n_chart_tw_standard_business,167201,運輸設備-重估增(減)值,account.data_account_type_non_current_assets,FALSE
tw_167301,l10n_chart_tw_standard_business,167301,累計折舊-運輸設備,account.data_account_type_non_current_assets,FALSE
tw_167401,l10n_chart_tw_standard_business,167401,累計減損-運輸設備,account.data_account_type_non_current_assets,FALSE
tw_169000,l10n_chart_tw_standard_business,169000,辦公設備淨額,account.data_account_type_non_current_assets,FALSE
tw_169101,l10n_chart_tw_standard_business,169101,辦公設備成本,account.data_account_type_non_current_assets,FALSE
tw_169201,l10n_chart_tw_standard_business,169201,辦公設備-重估增(減)值,account.data_account_type_non_current_assets,FALSE
tw_169301,l10n_chart_tw_standard_business,169301,累計折舊-辦公設備,account.data_account_type_non_current_assets,FALSE
tw_169401,l10n_chart_tw_standard_business,169401,累計減損-辦公設備,account.data_account_type_non_current_assets,FALSE
tw_173500,l10n_chart_tw_standard_business,173500,其他設備淨額,account.data_account_type_non_current_assets,FALSE
tw_173601,l10n_chart_tw_standard_business,173601,其他設備成本,account.data_account_type_non_current_assets,FALSE
tw_173701,l10n_chart_tw_standard_business,173701,其他設備-重估增(減)值,account.data_account_type_non_current_assets,FALSE
tw_173801,l10n_chart_tw_standard_business,173801,累計折舊-其他設備,account.data_account_type_non_current_assets,FALSE
tw_173901,l10n_chart_tw_standard_business,173901,累計減損-其他設備,account.data_account_type_non_current_assets,FALSE
tw_174000,l10n_chart_tw_standard_business,174000,未完工程及待驗設備,account.data_account_type_non_current_assets,FALSE
tw_174001,l10n_chart_tw_standard_business,174001,未完工程及待驗設備,account.data_account_type_non_current_assets,FALSE
tw_180100,l10n_chart_tw_standard_business,180100,電腦軟體淨額,account.data_account_type_non_current_assets,FALSE
tw_180201,l10n_chart_tw_standard_business,180201,電腦軟體,account.data_account_type_non_current_assets,FALSE
tw_180301,l10n_chart_tw_standard_business,180301,電腦軟體成本重估增(減)值,account.data_account_type_non_current_assets,FALSE
tw_180401,l10n_chart_tw_standard_business,180401,累計減損－電腦軟體成本,account.data_account_type_non_current_assets,FALSE
tw_180501,l10n_chart_tw_standard_business,180501,商 譽,account.data_account_type_non_current_assets,FALSE
tw_182100,l10n_chart_tw_standard_business,182100,其他無形資產,account.data_account_type_non_current_assets,FALSE
tw_182201,l10n_chart_tw_standard_business,182201,其他無形資產,account.data_account_type_non_current_assets,FALSE
tw_182301,l10n_chart_tw_standard_business,182301,其他無形資產重估增(減)值,account.data_account_type_non_current_assets,FALSE
tw_182401,l10n_chart_tw_standard_business,182401,累計減損－其他無形資產,account.data_account_type_non_current_assets,FALSE
tw_184001,l10n_chart_tw_standard_business,184001,遞延所得稅資產,account.data_account_type_non_current_assets,FALSE
tw_190000,l10n_chart_tw_standard_business,190000,其他非流動資產,account.data_account_type_non_current_assets,FALSE
tw_191500,l10n_chart_tw_standard_business,191500,預付設備款,account.data_account_type_non_current_assets,FALSE
tw_191501,l10n_chart_tw_standard_business,191501,預付設備款,account.data_account_type_non_current_assets,FALSE
tw_192000,l10n_chart_tw_standard_business,192000,存出保證金,account.data_account_type_non_current_assets,FALSE
tw_192001,l10n_chart_tw_standard_business,192001,存出保證金,account.data_account_type_non_current_assets,FALSE
tw_192500,l10n_chart_tw_standard_business,192500,遞延費用,account.data_account_type_non_current_assets,FALSE
tw_192501,l10n_chart_tw_standard_business,192501,遞延費用,account.data_account_type_non_current_assets,FALSE
tw_192601,l10n_chart_tw_standard_business,192601,合約取得成本,account.data_account_type_non_current_assets,FALSE
tw_192701,l10n_chart_tw_standard_business,192701,其他遞延費用,account.data_account_type_non_current_assets,FALSE
tw_193000,l10n_chart_tw_standard_business,193000,長期應收票據及款項,account.data_account_type_non_current_assets,FALSE
tw_193101,l10n_chart_tw_standard_business,193101,長期應收票據,account.data_account_type_non_current_assets,FALSE
tw_193201,l10n_chart_tw_standard_business,193201,長期應收款,account.data_account_type_non_current_assets,FALSE
tw_193701,l10n_chart_tw_standard_business,193701,催收款項,account.data_account_type_non_current_assets,FALSE
tw_193901,l10n_chart_tw_standard_business,193901,備抵呆帳-長期應收款項,account.data_account_type_non_current_assets,FALSE
tw_194101,l10n_chart_tw_standard_business,194101,存出保證票據,account.data_account_type_non_current_assets,FALSE
tw_197501,l10n_chart_tw_standard_business,197501,預付退休金-非流動,account.data_account_type_non_current_assets,FALSE
tw_198101,l10n_chart_tw_standard_business,198101,退休金基金,account.data_account_type_non_current_assets,FALSE
tw_199000,l10n_chart_tw_standard_business,199000,其他非流動資產-其他,account.data_account_type_non_current_assets,FALSE
tw_199101,l10n_chart_tw_standard_business,199101,遞延借項-聯屬公司間損失,account.data_account_type_non_current_assets,FALSE
tw_199501,l10n_chart_tw_standard_business,199501,其他非流動資產-其他,account.data_account_type_non_current_assets,FALSE
tw_199601,l10n_chart_tw_standard_business,199601,內部往來,account.data_account_type_non_current_assets,FALSE
tw_210000,l10n_chart_tw_standard_business,210000,短期借款,account.data_account_type_current_liabilities,FALSE
tw_210101,l10n_chart_tw_standard_business,210101,銀行透支,account.data_account_type_current_liabilities,FALSE
tw_210201,l10n_chart_tw_standard_business,210201,銀行借款,account.data_account_type_current_liabilities,FALSE
tw_210801,l10n_chart_tw_standard_business,210801,其他短期借款,account.data_account_type_current_liabilities,FALSE
tw_211000,l10n_chart_tw_standard_business,211000,應付短期票券,account.data_account_type_current_liabilities,FALSE
tw_211101,l10n_chart_tw_standard_business,211101,應付短期票券,account.data_account_type_current_liabilities,FALSE
tw_211901,l10n_chart_tw_standard_business,211901,應付短期票券折價,account.data_account_type_current_liabilities,FALSE
tw_212000,l10n_chart_tw_standard_business,212000,透過損益按公允價值衡量之金融負債-流動,account.data_account_type_current_liabilities,FALSE
tw_212101,l10n_chart_tw_standard_business,212101,持有供交易金融負債-流動,account.data_account_type_current_liabilities,FALSE
tw_212201,l10n_chart_tw_standard_business,212201,持有供交易金融負債評價調整-流動,account.data_account_type_current_liabilities,FALSE
tw_212301,l10n_chart_tw_standard_business,212301,原始認列時指定為透過損益按公允價值衡量之金融負債-流動,account.data_account_type_current_liabilities,FALSE
tw_212401,l10n_chart_tw_standard_business,212401,原始認列時指定為透過損益按公允價值衡量之金融負債評價調整-流動,account.data_account_type_current_liabilities,FALSE
tw_212501,l10n_chart_tw_standard_business,212501,避險之衍生金融負債-流動,account.data_account_type_current_liabilities,FALSE
tw_213001,l10n_chart_tw_standard_business,213001,按攤銷後成本衡量之金融負債-流動,account.data_account_type_current_liabilities,FALSE
tw_214501,l10n_chart_tw_standard_business,214501,以成本衡量之金融負債-流動,account.data_account_type_current_liabilities,FALSE
tw_215000,l10n_chart_tw_standard_business,215000,應付票據,account.data_account_type_current_liabilities,TRUE
tw_215101,l10n_chart_tw_standard_business,215101,應付票據,account.data_account_type_current_liabilities,TRUE
tw_215201,l10n_chart_tw_standard_business,215201,其他應付票據,account.data_account_type_current_liabilities,FALSE
tw_216000,l10n_chart_tw_standard_business,216000,應付票據-關係人,account.data_account_type_current_liabilities,FALSE
tw_216101,l10n_chart_tw_standard_business,216101,應付票據-關係人,account.data_account_type_current_liabilities,FALSE
tw_216201,l10n_chart_tw_standard_business,216201,其他應付票據-關係人,account.data_account_type_current_liabilities,FALSE
tw_217000,l10n_chart_tw_standard_business,217000,應付帳款,account.data_account_type_current_liabilities,TRUE
tw_217101,l10n_chart_tw_standard_business,217101,應付帳款,account.data_account_type_current_liabilities,TRUE
tw_217201,l10n_chart_tw_standard_business,217201,暫估應付帳款,account.data_account_type_current_liabilities,FALSE
tw_218000,l10n_chart_tw_standard_business,218000,應付帳款-關係人,account.data_account_type_current_liabilities,FALSE
tw_218101,l10n_chart_tw_standard_business,218101,應付帳款-關係人,account.data_account_type_current_liabilities,FALSE
tw_218201,l10n_chart_tw_standard_business,218201,暫估應付帳款-關係人,account.data_account_type_current_liabilities,FALSE
tw_220000,l10n_chart_tw_standard_business,220000,其他應付款,account.data_account_type_current_liabilities,FALSE
tw_220101,l10n_chart_tw_standard_business,220101,應付薪資,account.data_account_type_current_liabilities,FALSE
tw_220201,l10n_chart_tw_standard_business,220201,應付租金,account.data_account_type_current_liabilities,FALSE
tw_220301,l10n_chart_tw_standard_business,220301,應付利息,account.data_account_type_current_liabilities,FALSE
tw_220401,l10n_chart_tw_standard_business,220401,暫估應付費用,account.data_account_type_current_liabilities,FALSE
tw_220501,l10n_chart_tw_standard_business,220501,應付退休金費用,account.data_account_type_current_liabilities,FALSE
tw_220601,l10n_chart_tw_standard_business,220601,應付員工紅利,account.data_account_type_current_liabilities,FALSE
tw_220701,l10n_chart_tw_standard_business,220701,應付董監事酬勞,account.data_account_type_current_liabilities,FALSE
tw_220901,l10n_chart_tw_standard_business,220901,其他應付費用,account.data_account_type_current_liabilities,FALSE
tw_221201,l10n_chart_tw_standard_business,221201,應付土地房屋款,account.data_account_type_current_liabilities,FALSE
tw_221301,l10n_chart_tw_standard_business,221301,應付設備款,account.data_account_type_current_liabilities,FALSE
tw_221401,l10n_chart_tw_standard_business,221401,銷項稅額,account.data_account_type_current_liabilities,FALSE
tw_221501,l10n_chart_tw_standard_business,221501,應付營業稅,account.data_account_type_current_liabilities,FALSE
tw_221601,l10n_chart_tw_standard_business,221601,應付股利,account.data_account_type_current_liabilities,FALSE
tw_221901,l10n_chart_tw_standard_business,221901,其他應付款-其他,account.data_account_type_current_liabilities,FALSE
tw_222000,l10n_chart_tw_standard_business,222000,其他應付款項-關係人,account.data_account_type_current_liabilities,FALSE
tw_222001,l10n_chart_tw_standard_business,222001,其他應付款項-關係人,account.data_account_type_current_liabilities,FALSE
tw_223001,l10n_chart_tw_standard_business,223001,當期所得稅負債,account.data_account_type_current_liabilities,FALSE
tw_229900,l10n_chart_tw_standard_business,229900,代收款-關係人,account.data_account_type_current_liabilities,FALSE
tw_229901,l10n_chart_tw_standard_business,229901,代收款-關係人,account.data_account_type_current_liabilities,FALSE
tw_230000,l10n_chart_tw_standard_business,230000,其他流動負債,account.data_account_type_current_liabilities,FALSE
tw_230501,l10n_chart_tw_standard_business,230501,其他金融負債-流動,account.data_account_type_current_liabilities,FALSE
tw_231000,l10n_chart_tw_standard_business,231000,預收款項,account.data_account_type_current_liabilities,FALSE
tw_231101,l10n_chart_tw_standard_business,231101,預收貨款,account.data_account_type_current_liabilities,FALSE
tw_231301,l10n_chart_tw_standard_business,231301,預收收入∕遞延收入,account.data_account_type_current_liabilities,FALSE
tw_231401,l10n_chart_tw_standard_business,231401,預收股本,account.data_account_type_current_liabilities,FALSE
tw_231501,l10n_chart_tw_standard_business,231501,其他預收款,account.data_account_type_current_liabilities,FALSE
tw_232000,l10n_chart_tw_standard_business,232000,一年或一營業週期內到期長期負債,account.data_account_type_current_liabilities,FALSE
tw_232201,l10n_chart_tw_standard_business,232201,一年或一營業週期內到期長期借款,account.data_account_type_current_liabilities,FALSE
tw_233001,l10n_chart_tw_standard_business,233001,暫收款,account.data_account_type_current_liabilities,FALSE
tw_233500,l10n_chart_tw_standard_business,233500,代收款,account.data_account_type_current_liabilities,FALSE
tw_233501,l10n_chart_tw_standard_business,233501,代收款-所得稅,account.data_account_type_current_liabilities,FALSE
tw_233502,l10n_chart_tw_standard_business,233502,代收款-勞保費,account.data_account_type_current_liabilities,FALSE
tw_233503,l10n_chart_tw_standard_business,233503,代收款-健保費,account.data_account_type_current_liabilities,FALSE
tw_233504,l10n_chart_tw_standard_business,233504,代收款-退休金自提,account.data_account_type_current_liabilities,FALSE
tw_233509,l10n_chart_tw_standard_business,233509,代收款-其它,account.data_account_type_current_liabilities,FALSE
tw_234001,l10n_chart_tw_standard_business,234001,遞延兌換利益,account.data_account_type_current_liabilities,FALSE
tw_235501,l10n_chart_tw_standard_business,235501,應付租賃款-流動,account.data_account_type_current_liabilities,FALSE
tw_239901,l10n_chart_tw_standard_business,239901,其他流動負債-其他,account.data_account_type_current_liabilities,FALSE
tw_250000,l10n_chart_tw_standard_business,250000,透過損益按公允價值衡量之金融負債-非流動,account.data_account_type_non_current_liabilities,FALSE
tw_250101,l10n_chart_tw_standard_business,250101,持有供交易金融負債-非流動,account.data_account_type_non_current_liabilities,FALSE
tw_250201,l10n_chart_tw_standard_business,250201,持有供交易金融負債評價調整-非流動,account.data_account_type_non_current_liabilities,FALSE
tw_250301,l10n_chart_tw_standard_business,250301,原始認列時指定為透過損益按公允價值衡量之金融負債-非流動,account.data_account_type_non_current_liabilities,FALSE
tw_250401,l10n_chart_tw_standard_business,250401,原始認列時指定為透過損益按公允價值衡量之金融負債評價調整-非流動,account.data_account_type_non_current_liabilities,TRUE
tw_251001,l10n_chart_tw_standard_business,251001,避險之衍生金融負債-非流動,account.data_account_type_non_current_liabilities,TRUE
tw_252001,l10n_chart_tw_standard_business,252001,按攤銷後成本衡量之金融負債-非流動,account.data_account_type_non_current_liabilities,FALSE
tw_252501,l10n_chart_tw_standard_business,252501,以成本衡量之金融負債-非流動,account.data_account_type_non_current_liabilities,FALSE
tw_253000,l10n_chart_tw_standard_business,253000,應付公司債,account.data_account_type_non_current_liabilities,FALSE
tw_253101,l10n_chart_tw_standard_business,253101,應付公司債,account.data_account_type_non_current_liabilities,FALSE
tw_253201,l10n_chart_tw_standard_business,253201,應付公司債溢(折)價,account.data_account_type_non_current_liabilities,TRUE
tw_254000,l10n_chart_tw_standard_business,254000,長期借款,account.data_account_type_non_current_liabilities,TRUE
tw_254101,l10n_chart_tw_standard_business,254101,銀行長期借款,account.data_account_type_non_current_liabilities,TRUE
tw_254201,l10n_chart_tw_standard_business,254201,其他長期借款,account.data_account_type_non_current_liabilities,FALSE
tw_254301,l10n_chart_tw_standard_business,254301,分期償付之借款,account.data_account_type_non_current_liabilities,FALSE
tw_255000,l10n_chart_tw_standard_business,255000,負債準備-非流動,account.data_account_type_non_current_liabilities,FALSE
tw_255101,l10n_chart_tw_standard_business,255101,員工福利負債準備-非流動,account.data_account_type_non_current_liabilities,FALSE
tw_255201,l10n_chart_tw_standard_business,255201,保固之長期負債準備,account.data_account_type_non_current_liabilities,FALSE
tw_255301,l10n_chart_tw_standard_business,255301,重組之長期負債準備,account.data_account_type_non_current_liabilities,FALSE
tw_255401,l10n_chart_tw_standard_business,255401,有待法律程序決定之長期負債準備,account.data_account_type_non_current_liabilities,FALSE
tw_255501,l10n_chart_tw_standard_business,255501,虧損性合約之長期負債準備,account.data_account_type_non_current_liabilities,FALSE
tw_255601,l10n_chart_tw_standard_business,255601,除役、復原及修復成本之長期負債準備,account.data_account_type_non_current_liabilities,FALSE
tw_255701,l10n_chart_tw_standard_business,255701,保證合約之長期負債準備,account.data_account_type_non_current_liabilities,FALSE
tw_255901,l10n_chart_tw_standard_business,255901,其他長期負債準備,account.data_account_type_non_current_liabilities,FALSE
tw_257000,l10n_chart_tw_standard_business,257000,遞延所得稅負債,account.data_account_type_non_current_liabilities,FALSE
tw_257101,l10n_chart_tw_standard_business,257101,遞延所得稅負債-土地增值稅,account.data_account_type_non_current_liabilities,FALSE
tw_257201,l10n_chart_tw_standard_business,257201,遞延所得稅負債-所得稅,account.data_account_type_non_current_liabilities,FALSE
tw_257301,l10n_chart_tw_standard_business,257301,遞延所得稅負債-其他,account.data_account_type_non_current_liabilities,FALSE
tw_260000,l10n_chart_tw_standard_business,260000,其他非流動負債,account.data_account_type_non_current_liabilities,FALSE
tw_264001,l10n_chart_tw_standard_business,264001,應計退休金負債,account.data_account_type_non_current_liabilities,FALSE
tw_264501,l10n_chart_tw_standard_business,264501,存入保證金,account.data_account_type_non_current_liabilities,FALSE
tw_265501,l10n_chart_tw_standard_business,265501,股東往來,account.data_account_type_non_current_liabilities,FALSE
tw_266001,l10n_chart_tw_standard_business,266001,遞延貸項-聯屬公司間利益,account.data_account_type_non_current_liabilities,FALSE
tw_267001,l10n_chart_tw_standard_business,267001,其他非流動負債-其他,account.data_account_type_non_current_liabilities,FALSE
tw_269001,l10n_chart_tw_standard_business,269001,內部往來-負債,account.data_account_type_non_current_liabilities,FALSE
tw_293101,l10n_chart_tw_standard_business,293101,存入保證票據,account.data_account_type_non_current_liabilities,FALSE
tw_294101,l10n_chart_tw_standard_business,294101,應付保證票據,account.data_account_type_non_current_liabilities,FALSE
tw_298101,l10n_chart_tw_standard_business,298101,退休金準備,account.data_account_type_non_current_liabilities,FALSE
tw_310000,l10n_chart_tw_standard_business,310000,股本,account.data_account_type_equity,FALSE
tw_311001,l10n_chart_tw_standard_business,311001,普通股股本,account.data_account_type_equity,FALSE
tw_312001,l10n_chart_tw_standard_business,312001,特別股股本,account.data_account_type_equity,FALSE
tw_320000,l10n_chart_tw_standard_business,320000,資本公積,account.data_account_type_equity,FALSE
tw_321000,l10n_chart_tw_standard_business,321000,資本公積,account.data_account_type_equity,FALSE
tw_321101,l10n_chart_tw_standard_business,321101,資本公積-普通股股票溢價,account.data_account_type_equity,FALSE
tw_321201,l10n_chart_tw_standard_business,321201,資本公積-特別股股票溢價,account.data_account_type_equity,FALSE
tw_322001,l10n_chart_tw_standard_business,322001,資本公積-庫藏股票交易,account.data_account_type_equity,FALSE
tw_323001,l10n_chart_tw_standard_business,323001,資本公積-取得或處分子公司股權價格與帳面價值差額,account.data_account_type_equity,FALSE
tw_324001,l10n_chart_tw_standard_business,324001,資本公積-處分資產增益,account.data_account_type_equity,FALSE
tw_326001,l10n_chart_tw_standard_business,326001,資本公積-採權益法認列關聯企業及合資企業股權淨值之變動數,account.data_account_type_equity,FALSE
tw_326501,l10n_chart_tw_standard_business,326501,資本公積-採權益法認列子公司、關聯企業及合資企業股權淨值之變動數,account.data_account_type_equity,FALSE
tw_327001,l10n_chart_tw_standard_business,327001,資本公積-合併溢額,account.data_account_type_equity,FALSE
tw_327101,l10n_chart_tw_standard_business,327101,資本公積-員工認股權,account.data_account_type_equity,FALSE
tw_327201,l10n_chart_tw_standard_business,327201,資本公積-認股權,account.data_account_type_equity,FALSE
tw_328000,l10n_chart_tw_standard_business,328000,資本公積-其他,account.data_account_type_equity,FALSE
tw_328101,l10n_chart_tw_standard_business,328101,資本公積-轉換公司債應付利息補償金,account.data_account_type_equity,FALSE
tw_328201,l10n_chart_tw_standard_business,328201,資本公積-其他,account.data_account_type_equity,FALSE
tw_330000,l10n_chart_tw_standard_business,330000,保留盈餘,account.data_account_type_equity,FALSE
tw_331001,l10n_chart_tw_standard_business,331001,法定盈餘公積,account.data_account_type_equity,FALSE
tw_332001,l10n_chart_tw_standard_business,332001,特別盈餘公積,account.data_account_type_equity,FALSE
tw_335000,l10n_chart_tw_standard_business,335000,未分配盈餘(或待彌補虧損),account.data_account_type_equity,FALSE
tw_335101,l10n_chart_tw_standard_business,335101,累積盈虧,account.data_account_type_equity,FALSE
tw_335201,l10n_chart_tw_standard_business,335201,前期損益調整,account.data_account_type_equity,FALSE
tw_335301,l10n_chart_tw_standard_business,335301,本期損益,account.data_account_type_equity,FALSE
tw_340000,l10n_chart_tw_standard_business,340000,其他權益,account.data_account_type_equity,FALSE
tw_341001,l10n_chart_tw_standard_business,341001,國外營運機構財務報表換算之兌換差額,account.data_account_type_equity,FALSE
tw_342001,l10n_chart_tw_standard_business,342001,透過其他綜合損益按公允價值衡量之權益工具投資利益(損失),account.data_account_type_equity,FALSE
tw_342501,l10n_chart_tw_standard_business,342501,備供出售金融資產未實現損益,account.data_account_type_equity,FALSE
tw_343001,l10n_chart_tw_standard_business,343001,現金流量避險中屬有效避險部分之避險工具利益(損失),account.data_account_type_equity,FALSE
tw_343501,l10n_chart_tw_standard_business,343501,國外營運機構淨投資避險中屬有效避險部分之避險工具利益(損失),account.data_account_type_equity,FALSE
tw_346001,l10n_chart_tw_standard_business,346001,重估增值,account.data_account_type_equity,FALSE
tw_347001,l10n_chart_tw_standard_business,347001,與待出售非流動資產直接相關之權益,account.data_account_type_equity,FALSE
tw_348001,l10n_chart_tw_standard_business,348001,採用權益法之關聯企業及合資之其他權益份額,account.data_account_type_equity,FALSE
tw_348501,l10n_chart_tw_standard_business,348501,採用權益法之子公司、關聯企業及合資之其他權益份額,account.data_account_type_equity,FALSE
tw_349001,l10n_chart_tw_standard_business,349001,其他權益-其他,account.data_account_type_equity,FALSE
tw_350001,l10n_chart_tw_standard_business,350001,庫藏股票,account.data_account_type_equity,FALSE
tw_360001,l10n_chart_tw_standard_business,360001,非控制權益,account.data_account_type_equity,FALSE
tw_399801,l10n_chart_tw_standard_business,399801,預收股款(股東權益項下)之約當發行股數,account.data_account_type_equity,FALSE
tw_399901,l10n_chart_tw_standard_business,399901,母公司暨子公司所持有之母公司庫藏股股數(單位:股),account.data_account_type_equity,FALSE
tw_410000,l10n_chart_tw_standard_business,410000,銷貨收入,account.data_account_type_revenue,FALSE
tw_411100,l10n_chart_tw_standard_business,411100,銷貨收入,account.data_account_type_revenue,FALSE
tw_411101,l10n_chart_tw_standard_business,411101,銷貨收入,account.data_account_type_revenue,FALSE
tw_417001,l10n_chart_tw_standard_business,417001,銷貨退回,account.data_account_type_revenue,FALSE
tw_419001,l10n_chart_tw_standard_business,419001,銷貨折讓,account.data_account_type_revenue,FALSE
tw_480000,l10n_chart_tw_standard_business,480000,其他營業收入,account.data_account_type_revenue,FALSE
tw_488101,l10n_chart_tw_standard_business,488101,其他營業收入,account.data_account_type_revenue,FALSE
tw_488901,l10n_chart_tw_standard_business,488901,其他營業收入折讓,account.data_account_type_revenue,FALSE
tw_511100,l10n_chart_tw_standard_business,511100,銷貨成本,account.data_account_type_expenses,FALSE
tw_511101,l10n_chart_tw_standard_business,511101,銷貨成本,account.data_account_type_expenses,FALSE
tw_511102,l10n_chart_tw_standard_business,511102,銷貨成本-調整,account.data_account_type_expenses,FALSE
tw_531000,l10n_chart_tw_standard_business,531000,直接人工,account.data_account_type_expenses,FALSE
tw_531001,l10n_chart_tw_standard_business,531001,直接人工-薪資費用,account.data_account_type_expenses,FALSE
tw_531002,l10n_chart_tw_standard_business,531002,直接人工-加班費用,account.data_account_type_expenses,FALSE
tw_531004,l10n_chart_tw_standard_business,531004,直接人工-春節獎金及節金,account.data_account_type_expenses,FALSE
tw_531005,l10n_chart_tw_standard_business,531005,直接人工-績效獎金,account.data_account_type_expenses,FALSE
tw_539900,l10n_chart_tw_standard_business,539900,己分攤直接人工,account.data_account_type_expenses,FALSE
tw_539901,l10n_chart_tw_standard_business,539901,己分攤直接人工,account.data_account_type_expenses,FALSE
tw_540000,l10n_chart_tw_standard_business,540000,製造費用,account.data_account_type_expenses,FALSE
tw_541001,l10n_chart_tw_standard_business,541001,製-間接人工,account.data_account_type_expenses,FALSE
tw_541002,l10n_chart_tw_standard_business,541002,製-加班費,account.data_account_type_expenses,FALSE
tw_541003,l10n_chart_tw_standard_business,541003,製-加班費應稅,account.data_account_type_expenses,FALSE
tw_541004,l10n_chart_tw_standard_business,541004,製-春節獎金及節金,account.data_account_type_expenses,FALSE
tw_541009,l10n_chart_tw_standard_business,541009,製-董監事車馬費,account.data_account_type_expenses,FALSE
tw_541101,l10n_chart_tw_standard_business,541101,製-辦公室租金,account.data_account_type_expenses,FALSE
tw_541102,l10n_chart_tw_standard_business,541102,製-員工宿舍租金,account.data_account_type_expenses,FALSE
tw_541103,l10n_chart_tw_standard_business,541103,製-設備租金,account.data_account_type_expenses,FALSE
tw_541201,l10n_chart_tw_standard_business,541201,製-文具用品,account.data_account_type_expenses,FALSE
tw_541301,l10n_chart_tw_standard_business,541301,製-國內差旅費,account.data_account_type_expenses,FALSE
tw_541302,l10n_chart_tw_standard_business,541302,製-國外差旅費,account.data_account_type_expenses,FALSE
tw_541303,l10n_chart_tw_standard_business,541303,製-交通費,account.data_account_type_expenses,FALSE
tw_541401,l10n_chart_tw_standard_business,541401,製-運費,account.data_account_type_expenses,FALSE
tw_541501,l10n_chart_tw_standard_business,541501,製-郵費,account.data_account_type_expenses,FALSE
tw_541502,l10n_chart_tw_standard_business,541502,製-電話費,account.data_account_type_expenses,FALSE
tw_541601,l10n_chart_tw_standard_business,541601,製-修繕費,account.data_account_type_expenses,FALSE
tw_541701,l10n_chart_tw_standard_business,541701,製-廣告費,account.data_account_type_expenses,FALSE
tw_541702,l10n_chart_tw_standard_business,541702,製-參展費,account.data_account_type_expenses,FALSE
tw_541703,l10n_chart_tw_standard_business,541703,製-推廣費,account.data_account_type_expenses,FALSE
tw_541801,l10n_chart_tw_standard_business,541801,製-水費,account.data_account_type_expenses,FALSE
tw_541802,l10n_chart_tw_standard_business,541802,製-電費,account.data_account_type_expenses,FALSE
tw_541803,l10n_chart_tw_standard_business,541803,製-燃料費,account.data_account_type_expenses,FALSE
tw_541901,l10n_chart_tw_standard_business,541901,製-勞保費,account.data_account_type_expenses,FALSE
tw_541902,l10n_chart_tw_standard_business,541902,製-健保費,account.data_account_type_expenses,FALSE
tw_541903,l10n_chart_tw_standard_business,541903,製-人身保險費,account.data_account_type_expenses,FALSE
tw_541904,l10n_chart_tw_standard_business,541904,製-產物保險費,account.data_account_type_expenses,FALSE
tw_542001,l10n_chart_tw_standard_business,542001,製-交際費,account.data_account_type_expenses,FALSE
tw_542101,l10n_chart_tw_standard_business,542101,製-捐贈,account.data_account_type_expenses,FALSE
tw_542201,l10n_chart_tw_standard_business,542201,製-稅捐,account.data_account_type_expenses,FALSE
tw_542301,l10n_chart_tw_standard_business,542301,製-呆帳損失,account.data_account_type_expenses,FALSE
tw_542401,l10n_chart_tw_standard_business,542401,製-折舊,account.data_account_type_expenses,FALSE
tw_542501,l10n_chart_tw_standard_business,542501,製-各項攤提,account.data_account_type_expenses,FALSE
tw_542601,l10n_chart_tw_standard_business,542601,製-加工費,account.data_account_type_expenses,FALSE
tw_542701,l10n_chart_tw_standard_business,542701,製-伙食費,account.data_account_type_expenses,FALSE
tw_542801,l10n_chart_tw_standard_business,542801,製-職工福利,account.data_account_type_expenses,FALSE
tw_542901,l10n_chart_tw_standard_business,542901,製-研發費,account.data_account_type_expenses,FALSE
tw_543001,l10n_chart_tw_standard_business,543001,製-佣金支出,account.data_account_type_expenses,FALSE
tw_543101,l10n_chart_tw_standard_business,543101,製-訓練費,account.data_account_type_expenses,FALSE
tw_543201,l10n_chart_tw_standard_business,543201,製-進口費用,account.data_account_type_expenses,FALSE
tw_543202,l10n_chart_tw_standard_business,543202,製-出口費用,account.data_account_type_expenses,FALSE
tw_543301,l10n_chart_tw_standard_business,543301,製-保全費,account.data_account_type_expenses,FALSE
tw_543401,l10n_chart_tw_standard_business,543401,製-退休金,account.data_account_type_expenses,FALSE
tw_543501,l10n_chart_tw_standard_business,543501,製-會計師費用,account.data_account_type_expenses,FALSE
tw_543502,l10n_chart_tw_standard_business,543502,製-律師費用,account.data_account_type_expenses,FALSE
tw_543505,l10n_chart_tw_standard_business,543505,製-其他勞務費用,account.data_account_type_expenses,FALSE
tw_543601,l10n_chart_tw_standard_business,543601,製-銷售獎金,account.data_account_type_expenses,FALSE
tw_543602,l10n_chart_tw_standard_business,543602,製-優惠毛利,account.data_account_type_expenses,FALSE
tw_543603,l10n_chart_tw_standard_business,543603,製-上架費,account.data_account_type_expenses,FALSE
tw_543604,l10n_chart_tw_standard_business,543604,製-物流費,account.data_account_type_expenses,FALSE
tw_543605,l10n_chart_tw_standard_business,543605,製-促銷費,account.data_account_type_expenses,FALSE
tw_543701,l10n_chart_tw_standard_business,543701,製-書報雜誌費,account.data_account_type_expenses,FALSE
tw_543801,l10n_chart_tw_standard_business,543801,製-專利權,account.data_account_type_expenses,FALSE
tw_544001,l10n_chart_tw_standard_business,544001,製-樣品費,account.data_account_type_expenses,FALSE
tw_544101,l10n_chart_tw_standard_business,544101,製-回收費,account.data_account_type_expenses,FALSE
tw_544501,l10n_chart_tw_standard_business,544501,製-雜項購置,account.data_account_type_expenses,FALSE
tw_548801,l10n_chart_tw_standard_business,548801,製-雜費,account.data_account_type_expenses,FALSE
tw_548802,l10n_chart_tw_standard_business,548802,製-包裝費,account.data_account_type_expenses,FALSE
tw_548803,l10n_chart_tw_standard_business,548803,製-檢驗費,account.data_account_type_expenses,FALSE
tw_548804,l10n_chart_tw_standard_business,548804,製-消耗費,account.data_account_type_expenses,FALSE
tw_549900,l10n_chart_tw_standard_business,549900,己分攤製造費用,account.data_account_type_expenses,FALSE
tw_549901,l10n_chart_tw_standard_business,549901,己分攤製造費用,account.data_account_type_expenses,FALSE
tw_580001,l10n_chart_tw_standard_business,580001,其他營業成本,account.data_account_type_expenses,FALSE
tw_590000,l10n_chart_tw_standard_business,590000,營業毛利(毛損),account.data_account_type_expenses,FALSE
tw_591001,l10n_chart_tw_standard_business,591001,聯屬公司間未實現利益,account.data_account_type_expenses,FALSE
tw_592001,l10n_chart_tw_standard_business,592001,聯屬公司間已實現利益,account.data_account_type_expenses,FALSE
tw_595001,l10n_chart_tw_standard_business,595001,營業毛利淨額,account.data_account_type_expenses,FALSE
tw_600000,l10n_chart_tw_standard_business,600000,營業費用,account.data_account_type_expenses,FALSE
tw_610000,l10n_chart_tw_standard_business,610000,推銷費用,account.data_account_type_expenses,FALSE
tw_611001,l10n_chart_tw_standard_business,611001,推-薪資費用,account.data_account_type_expenses,FALSE
tw_611002,l10n_chart_tw_standard_business,611002,推-加班費,account.data_account_type_expenses,FALSE
tw_611003,l10n_chart_tw_standard_business,611003,推-加班費應稅,account.data_account_type_expenses,FALSE
tw_611004,l10n_chart_tw_standard_business,611004,推-春節獎金及節金,account.data_account_type_expenses,FALSE
tw_611005,l10n_chart_tw_standard_business,611005,推-績效獎金,account.data_account_type_expenses,FALSE
tw_611009,l10n_chart_tw_standard_business,611009,推-董監事車馬費,account.data_account_type_expenses,FALSE
tw_611010,l10n_chart_tw_standard_business,611010,推-資遣費,account.data_account_type_expenses,FALSE
tw_611101,l10n_chart_tw_standard_business,611101,推-辦公室租金,account.data_account_type_expenses,FALSE
tw_611102,l10n_chart_tw_standard_business,611102,推-員工宿舍租金,account.data_account_type_expenses,FALSE
tw_611103,l10n_chart_tw_standard_business,611103,推-設備租金,account.data_account_type_expenses,FALSE
tw_611201,l10n_chart_tw_standard_business,611201,推-文具用品,account.data_account_type_expenses,FALSE
tw_611301,l10n_chart_tw_standard_business,611301,推-國內差旅費,account.data_account_type_expenses,FALSE
tw_611302,l10n_chart_tw_standard_business,611302,推-國外差旅費,account.data_account_type_expenses,FALSE
tw_611303,l10n_chart_tw_standard_business,611303,推-交通費,account.data_account_type_expenses,FALSE
tw_611401,l10n_chart_tw_standard_business,611401,推-運費,account.data_account_type_expenses,FALSE
tw_611501,l10n_chart_tw_standard_business,611501,推-郵費,account.data_account_type_expenses,FALSE
tw_611502,l10n_chart_tw_standard_business,611502,推-電話費,account.data_account_type_expenses,FALSE
tw_611601,l10n_chart_tw_standard_business,611601,推-修繕費,account.data_account_type_expenses,FALSE
tw_611701,l10n_chart_tw_standard_business,611701,推-廣告費,account.data_account_type_expenses,TRUE
tw_611702,l10n_chart_tw_standard_business,611702,推-參展費,account.data_account_type_expenses,FALSE
tw_611703,l10n_chart_tw_standard_business,611703,推-推廣費,account.data_account_type_expenses,TRUE
tw_611801,l10n_chart_tw_standard_business,611801,推-水費,account.data_account_type_expenses,TRUE
tw_611802,l10n_chart_tw_standard_business,611802,推-電費,account.data_account_type_expenses,TRUE
tw_611803,l10n_chart_tw_standard_business,611803,推-燃料費,account.data_account_type_expenses,TRUE
tw_611901,l10n_chart_tw_standard_business,611901,推-勞保費,account.data_account_type_expenses,FALSE
tw_611902,l10n_chart_tw_standard_business,611902,推-健保費,account.data_account_type_expenses,FALSE
tw_611903,l10n_chart_tw_standard_business,611903,推-人身保險費,account.data_account_type_expenses,FALSE
tw_611904,l10n_chart_tw_standard_business,611904,推-產物保險費,account.data_account_type_expenses,FALSE
tw_612001,l10n_chart_tw_standard_business,612001,推-交際費,account.data_account_type_expenses,FALSE
tw_612101,l10n_chart_tw_standard_business,612101,推-捐贈,account.data_account_type_expenses,FALSE
tw_612201,l10n_chart_tw_standard_business,612201,推-稅捐,account.data_account_type_expenses,FALSE
tw_612301,l10n_chart_tw_standard_business,612301,推-呆帳損失,account.data_account_type_expenses,TRUE
tw_612401,l10n_chart_tw_standard_business,612401,推-折舊,account.data_account_type_expenses,TRUE
tw_612501,l10n_chart_tw_standard_business,612501,推-各項攤提,account.data_account_type_expenses,FALSE
tw_612701,l10n_chart_tw_standard_business,612701,推-伙食費,account.data_account_type_expenses,FALSE
tw_612801,l10n_chart_tw_standard_business,612801,推-職工福利,account.data_account_type_expenses,FALSE
tw_612901,l10n_chart_tw_standard_business,612901,推-研發費,account.data_account_type_expenses,FALSE
tw_613001,l10n_chart_tw_standard_business,613001,推-佣金支出,account.data_account_type_expenses,FALSE
tw_613101,l10n_chart_tw_standard_business,613101,推-訓練費,account.data_account_type_expenses,FALSE
tw_613201,l10n_chart_tw_standard_business,613201,推-進口費用,account.data_account_type_expenses,FALSE
tw_613202,l10n_chart_tw_standard_business,613202,推-出口費用,account.data_account_type_expenses,FALSE
tw_613301,l10n_chart_tw_standard_business,613301,推-保全費,account.data_account_type_expenses,FALSE
tw_613401,l10n_chart_tw_standard_business,613401,推-退休金,account.data_account_type_expenses,FALSE
tw_613501,l10n_chart_tw_standard_business,613501,推-會計師費用,account.data_account_type_expenses,FALSE
tw_613502,l10n_chart_tw_standard_business,613502,推-律師費用,account.data_account_type_expenses,FALSE
tw_613505,l10n_chart_tw_standard_business,613505,推-其他勞務費用,account.data_account_type_expenses,FALSE
tw_613601,l10n_chart_tw_standard_business,613601,推-銷售獎金,account.data_account_type_expenses,FALSE
tw_613602,l10n_chart_tw_standard_business,613602,推-優惠毛利,account.data_account_type_expenses,FALSE
tw_613603,l10n_chart_tw_standard_business,613603,推-上架費,account.data_account_type_expenses,FALSE
tw_613604,l10n_chart_tw_standard_business,613604,推-物流費,account.data_account_type_expenses,FALSE
tw_613605,l10n_chart_tw_standard_business,613605,推-促銷費,account.data_account_type_expenses,FALSE
tw_613701,l10n_chart_tw_standard_business,613701,推-書報雜誌費,account.data_account_type_expenses,FALSE
tw_613801,l10n_chart_tw_standard_business,613801,推-專利權,account.data_account_type_expenses,FALSE
tw_614001,l10n_chart_tw_standard_business,614001,推-樣品費,account.data_account_type_expenses,FALSE
tw_614101,l10n_chart_tw_standard_business,614101,推-回收費,account.data_account_type_expenses,FALSE
tw_614501,l10n_chart_tw_standard_business,614501,推-雜項購置,account.data_account_type_expenses,FALSE
tw_618801,l10n_chart_tw_standard_business,618801,推-雜費,account.data_account_type_expenses,FALSE
tw_618802,l10n_chart_tw_standard_business,618802,推-包裝費,account.data_account_type_expenses,FALSE
tw_620000,l10n_chart_tw_standard_business,620000,管理費用,account.data_account_type_expenses,FALSE
tw_621001,l10n_chart_tw_standard_business,621001,管-薪資費用,account.data_account_type_expenses,FALSE
tw_621002,l10n_chart_tw_standard_business,621002,管-加班費,account.data_account_type_expenses,FALSE
tw_621003,l10n_chart_tw_standard_business,621003,管-加班費應稅,account.data_account_type_expenses,FALSE
tw_621004,l10n_chart_tw_standard_business,621004,管-春節獎金及節金,account.data_account_type_expenses,FALSE
tw_621005,l10n_chart_tw_standard_business,621005,管-績效獎金,account.data_account_type_expenses,FALSE
tw_621009,l10n_chart_tw_standard_business,621009,管-董監事車馬費,account.data_account_type_expenses,FALSE
tw_621010,l10n_chart_tw_standard_business,621010,管-資遣金,account.data_account_type_expenses,FALSE
tw_621101,l10n_chart_tw_standard_business,621101,管-辦公室租金,account.data_account_type_expenses,FALSE
tw_621102,l10n_chart_tw_standard_business,621102,管-員工宿舍租金,account.data_account_type_expenses,FALSE
tw_621103,l10n_chart_tw_standard_business,621103,管-設備租金,account.data_account_type_expenses,FALSE
tw_621201,l10n_chart_tw_standard_business,621201,管-文具用品,account.data_account_type_expenses,FALSE
tw_621301,l10n_chart_tw_standard_business,621301,管-國內差旅費,account.data_account_type_expenses,FALSE
tw_621302,l10n_chart_tw_standard_business,621302,管-國外差旅費,account.data_account_type_expenses,FALSE
tw_621303,l10n_chart_tw_standard_business,621303,管-交通費,account.data_account_type_expenses,FALSE
tw_621401,l10n_chart_tw_standard_business,621401,管-運費,account.data_account_type_expenses,FALSE
tw_621501,l10n_chart_tw_standard_business,621501,管-郵費,account.data_account_type_expenses,FALSE
tw_621502,l10n_chart_tw_standard_business,621502,管-電話費,account.data_account_type_expenses,FALSE
tw_621601,l10n_chart_tw_standard_business,621601,管-修繕費,account.data_account_type_expenses,FALSE
tw_621701,l10n_chart_tw_standard_business,621701,管-廣告費,account.data_account_type_expenses,FALSE
tw_621702,l10n_chart_tw_standard_business,621702,管-參展費,account.data_account_type_expenses,FALSE
tw_621703,l10n_chart_tw_standard_business,621703,管-推廣費,account.data_account_type_expenses,FALSE
tw_621801,l10n_chart_tw_standard_business,621801,管-水費,account.data_account_type_expenses,FALSE
tw_621802,l10n_chart_tw_standard_business,621802,管-電費,account.data_account_type_expenses,FALSE
tw_621803,l10n_chart_tw_standard_business,621803,管-燃料費,account.data_account_type_expenses,FALSE
tw_621901,l10n_chart_tw_standard_business,621901,管-勞保費,account.data_account_type_expenses,FALSE
tw_621902,l10n_chart_tw_standard_business,621902,管-健保費,account.data_account_type_expenses,FALSE
tw_621903,l10n_chart_tw_standard_business,621903,管-人身保險費,account.data_account_type_expenses,FALSE
tw_621904,l10n_chart_tw_standard_business,621904,管-產物保險費,account.data_account_type_expenses,FALSE
tw_622001,l10n_chart_tw_standard_business,622001,管-交際費,account.data_account_type_expenses,FALSE
tw_622101,l10n_chart_tw_standard_business,622101,管-捐贈,account.data_account_type_expenses,FALSE
tw_622201,l10n_chart_tw_standard_business,622201,管-稅捐,account.data_account_type_expenses,FALSE
tw_622301,l10n_chart_tw_standard_business,622301,管-呆帳損失,account.data_account_type_expenses,FALSE
tw_622401,l10n_chart_tw_standard_business,622401,管-折舊,account.data_account_type_expenses,FALSE
tw_622501,l10n_chart_tw_standard_business,622501,管-各項攤提,account.data_account_type_expenses,FALSE
tw_622701,l10n_chart_tw_standard_business,622701,管-伙食費,account.data_account_type_expenses,FALSE
tw_622801,l10n_chart_tw_standard_business,622801,管-職工福利,account.data_account_type_expenses,FALSE
tw_622901,l10n_chart_tw_standard_business,622901,管-研發費,account.data_account_type_expenses,FALSE
tw_623001,l10n_chart_tw_standard_business,623001,管-佣金支出,account.data_account_type_expenses,FALSE
tw_623101,l10n_chart_tw_standard_business,623101,管-訓練費,account.data_account_type_expenses,FALSE
tw_623201,l10n_chart_tw_standard_business,623201,管-進口費用,account.data_account_type_expenses,FALSE
tw_623202,l10n_chart_tw_standard_business,623202,管-出口費用,account.data_account_type_expenses,FALSE
tw_623301,l10n_chart_tw_standard_business,623301,管-保全費,account.data_account_type_expenses,FALSE
tw_623401,l10n_chart_tw_standard_business,623401,管-退休金,account.data_account_type_expenses,FALSE
tw_623501,l10n_chart_tw_standard_business,623501,管-會計師費用,account.data_account_type_expenses,FALSE
tw_623502,l10n_chart_tw_standard_business,623502,管-律師費用,account.data_account_type_expenses,FALSE
tw_623505,l10n_chart_tw_standard_business,623505,管-其他勞務費用,account.data_account_type_expenses,FALSE
tw_623601,l10n_chart_tw_standard_business,623601,管-銷售獎金,account.data_account_type_expenses,FALSE
tw_623602,l10n_chart_tw_standard_business,623602,管-優惠毛利,account.data_account_type_expenses,FALSE
tw_623603,l10n_chart_tw_standard_business,623603,管-上架費,account.data_account_type_expenses,FALSE
tw_623604,l10n_chart_tw_standard_business,623604,管-物流費,account.data_account_type_expenses,FALSE
tw_623605,l10n_chart_tw_standard_business,623605,管-促銷費,account.data_account_type_expenses,FALSE
tw_623701,l10n_chart_tw_standard_business,623701,管-書報雜誌費,account.data_account_type_expenses,FALSE
tw_623801,l10n_chart_tw_standard_business,623801,管-專利權,account.data_account_type_expenses,FALSE
tw_624001,l10n_chart_tw_standard_business,624001,管-樣品費,account.data_account_type_expenses,FALSE
tw_624101,l10n_chart_tw_standard_business,624101,管-回收費,account.data_account_type_expenses,FALSE
tw_624501,l10n_chart_tw_standard_business,624501,管-雜項購置,account.data_account_type_expenses,FALSE
tw_628801,l10n_chart_tw_standard_business,628801,管-雜費,account.data_account_type_expenses,FALSE
tw_628802,l10n_chart_tw_standard_business,628802,管-包裝費,account.data_account_type_expenses,FALSE
tw_630000,l10n_chart_tw_standard_business,630000,研究發展費用,account.data_account_type_expenses,FALSE
tw_631001,l10n_chart_tw_standard_business,631001,研-薪資費用,account.data_account_type_expenses,FALSE
tw_631002,l10n_chart_tw_standard_business,631002,研-加班費,account.data_account_type_expenses,FALSE
tw_631003,l10n_chart_tw_standard_business,631003,研-加班費應稅,account.data_account_type_expenses,FALSE
tw_631004,l10n_chart_tw_standard_business,631004,研-春節獎金及節金,account.data_account_type_expenses,FALSE
tw_631005,l10n_chart_tw_standard_business,631005,研-績效獎金,account.data_account_type_expenses,FALSE
tw_631009,l10n_chart_tw_standard_business,631009,研-董監事車馬費,account.data_account_type_expenses,FALSE
tw_631010,l10n_chart_tw_standard_business,631010,研-資遣費,account.data_account_type_expenses,FALSE
tw_631101,l10n_chart_tw_standard_business,631101,研-辦公室租金,account.data_account_type_expenses,FALSE
tw_631102,l10n_chart_tw_standard_business,631102,研-員工宿舍租金,account.data_account_type_expenses,FALSE
tw_631103,l10n_chart_tw_standard_business,631103,研-設備租金,account.data_account_type_expenses,FALSE
tw_631201,l10n_chart_tw_standard_business,631201,研-文具用品,account.data_account_type_expenses,FALSE
tw_631301,l10n_chart_tw_standard_business,631301,研-國內差旅費,account.data_account_type_expenses,FALSE
tw_631302,l10n_chart_tw_standard_business,631302,研-國外差旅費,account.data_account_type_expenses,FALSE
tw_631303,l10n_chart_tw_standard_business,631303,研-交通費,account.data_account_type_expenses,FALSE
tw_631401,l10n_chart_tw_standard_business,631401,研-運費,account.data_account_type_expenses,FALSE
tw_631501,l10n_chart_tw_standard_business,631501,研-郵費,account.data_account_type_expenses,FALSE
tw_631502,l10n_chart_tw_standard_business,631502,研-電話費,account.data_account_type_expenses,FALSE
tw_631601,l10n_chart_tw_standard_business,631601,研-修繕費,account.data_account_type_expenses,FALSE
tw_631701,l10n_chart_tw_standard_business,631701,研-廣告費,account.data_account_type_expenses,FALSE
tw_631702,l10n_chart_tw_standard_business,631702,研-參展費,account.data_account_type_expenses,FALSE
tw_631703,l10n_chart_tw_standard_business,631703,研-推廣費,account.data_account_type_expenses,FALSE
tw_631801,l10n_chart_tw_standard_business,631801,研-水費,account.data_account_type_expenses,FALSE
tw_631802,l10n_chart_tw_standard_business,631802,研-電費,account.data_account_type_expenses,FALSE
tw_631803,l10n_chart_tw_standard_business,631803,研-燃料費,account.data_account_type_expenses,FALSE
tw_631901,l10n_chart_tw_standard_business,631901,研-勞保費,account.data_account_type_expenses,FALSE
tw_631902,l10n_chart_tw_standard_business,631902,研-健保費,account.data_account_type_expenses,FALSE
tw_631903,l10n_chart_tw_standard_business,631903,研-人身保險費,account.data_account_type_expenses,FALSE
tw_631904,l10n_chart_tw_standard_business,631904,研-產物保險費,account.data_account_type_expenses,FALSE
tw_632001,l10n_chart_tw_standard_business,632001,研-交際費,account.data_account_type_expenses,FALSE
tw_632101,l10n_chart_tw_standard_business,632101,研-捐贈,account.data_account_type_expenses,FALSE
tw_632201,l10n_chart_tw_standard_business,632201,研-稅捐,account.data_account_type_expenses,FALSE
tw_632301,l10n_chart_tw_standard_business,632301,研-呆帳損失,account.data_account_type_expenses,FALSE
tw_632401,l10n_chart_tw_standard_business,632401,研-折舊,account.data_account_type_expenses,FALSE
tw_632501,l10n_chart_tw_standard_business,632501,研-各項攤提,account.data_account_type_expenses,FALSE
tw_632701,l10n_chart_tw_standard_business,632701,研-伙食費,account.data_account_type_expenses,FALSE
tw_632801,l10n_chart_tw_standard_business,632801,研-職工福利,account.data_account_type_expenses,FALSE
tw_632901,l10n_chart_tw_standard_business,632901,研-研發費,account.data_account_type_expenses,FALSE
tw_633001,l10n_chart_tw_standard_business,633001,研-佣金支出,account.data_account_type_expenses,FALSE
tw_633101,l10n_chart_tw_standard_business,633101,研-訓練費,account.data_account_type_expenses,FALSE
tw_633201,l10n_chart_tw_standard_business,633201,研-進口費用,account.data_account_type_expenses,FALSE
tw_633202,l10n_chart_tw_standard_business,633202,研-出口費用,account.data_account_type_expenses,FALSE
tw_633301,l10n_chart_tw_standard_business,633301,研-保全費,account.data_account_type_expenses,FALSE
tw_633401,l10n_chart_tw_standard_business,633401,研-退休金,account.data_account_type_expenses,FALSE
tw_633501,l10n_chart_tw_standard_business,633501,研-會計師費用,account.data_account_type_expenses,FALSE
tw_633502,l10n_chart_tw_standard_business,633502,研-律師費用,account.data_account_type_expenses,FALSE
tw_633505,l10n_chart_tw_standard_business,633505,研-其他勞務費用,account.data_account_type_expenses,FALSE
tw_633601,l10n_chart_tw_standard_business,633601,研-銷售獎金,account.data_account_type_expenses,FALSE
tw_633602,l10n_chart_tw_standard_business,633602,研-優惠毛利,account.data_account_type_expenses,FALSE
tw_633603,l10n_chart_tw_standard_business,633603,研-上架費,account.data_account_type_expenses,FALSE
tw_633604,l10n_chart_tw_standard_business,633604,研-物流費,account.data_account_type_expenses,FALSE
tw_633605,l10n_chart_tw_standard_business,633605,研-促銷費,account.data_account_type_expenses,FALSE
tw_633701,l10n_chart_tw_standard_business,633701,研-書報雜誌費,account.data_account_type_expenses,FALSE
tw_633801,l10n_chart_tw_standard_business,633801,研-專利權,account.data_account_type_expenses,FALSE
tw_634001,l10n_chart_tw_standard_business,634001,研-樣品費,account.data_account_type_expenses,FALSE
tw_634101,l10n_chart_tw_standard_business,634101,研-回收費,account.data_account_type_expenses,FALSE
tw_634501,l10n_chart_tw_standard_business,634501,研-雜項購置,account.data_account_type_expenses,FALSE
tw_638801,l10n_chart_tw_standard_business,638801,研-雜費,account.data_account_type_expenses,FALSE
tw_638802,l10n_chart_tw_standard_business,638802,研-包裝費,account.data_account_type_expenses,FALSE
tw_640001,l10n_chart_tw_standard_business,640001,其他費用,account.data_account_type_expenses,FALSE
tw_650000,l10n_chart_tw_standard_business,650000,其他收益及費損淨額,account.data_account_type_expenses,FALSE
tw_651001,l10n_chart_tw_standard_business,651001,其他收益,account.data_account_type_expenses,FALSE
tw_655001,l10n_chart_tw_standard_business,655001,其他費損,account.data_account_type_expenses,FALSE
tw_690001,l10n_chart_tw_standard_business,690001,營業淨利(淨損),account.data_account_type_expenses,FALSE
tw_700000,l10n_chart_tw_standard_business,700000,營業外收入及支出   ,account.data_account_type_other_income,FALSE
tw_701001,l10n_chart_tw_standard_business,701001,其他收入,account.data_account_type_other_income,FALSE
tw_702001,l10n_chart_tw_standard_business,702001,其他利益及損失,account.data_account_type_other_income,FALSE
tw_703001,l10n_chart_tw_standard_business,703001,除列按攤銷後成本衡量金融資產淨損益,account.data_account_type_other_income,FALSE
tw_704001,l10n_chart_tw_standard_business,704001,金融資產重分類淨損益,account.data_account_type_other_income,FALSE
tw_705001,l10n_chart_tw_standard_business,705001,財務成本,account.data_account_type_other_income,FALSE
tw_706001,l10n_chart_tw_standard_business,706001,採用權益法之關聯企業及合資損益之份額,account.data_account_type_other_income,FALSE
tw_707001,l10n_chart_tw_standard_business,707001,採用權益法之子公司、關聯企業及合資損益之份額,account.data_account_type_other_income,FALSE
tw_710000,l10n_chart_tw_standard_business,710000,利息收入,account.data_account_type_other_income,FALSE
tw_710101,l10n_chart_tw_standard_business,710101,銀行存款利息,account.data_account_type_other_income,FALSE
tw_710201,l10n_chart_tw_standard_business,710201,按攤銷後成本衡量之金融資產利息收入,account.data_account_type_other_income,FALSE
tw_710301,l10n_chart_tw_standard_business,710301,無活絡市場債券投資利息收入,account.data_account_type_other_income,FALSE
tw_710401,l10n_chart_tw_standard_business,710401,持有至到期日金融資產利息收入,account.data_account_type_other_income,FALSE
tw_710501,l10n_chart_tw_standard_business,710501,其他利息收入,account.data_account_type_other_income,FALSE
tw_711001,l10n_chart_tw_standard_business,711001,租金收入,account.data_account_type_other_income,FALSE
tw_713001,l10n_chart_tw_standard_business,713001,股利收入,account.data_account_type_other_income,FALSE
tw_715000,l10n_chart_tw_standard_business,715000,手續費收入,account.data_account_type_other_income,FALSE
tw_715101,l10n_chart_tw_standard_business,715101,由按攤銷後成本衡量之金融資產產生之手續費收益,account.data_account_type_other_income,FALSE
tw_715201,l10n_chart_tw_standard_business,715201,非以透過損益按公允價值衡量之金融負債所產生之手續費收益,account.data_account_type_other_income,FALSE
tw_715301,l10n_chart_tw_standard_business,715301,由信託及受託活動產生之手續費收益,account.data_account_type_other_income,FALSE
tw_715901,l10n_chart_tw_standard_business,715901,其他手續費收入,account.data_account_type_other_income,FALSE
tw_716001,l10n_chart_tw_standard_business,716001,違約金收入,account.data_account_type_other_income,FALSE
tw_717001,l10n_chart_tw_standard_business,717001,歸墊收入,account.data_account_type_other_income,FALSE
tw_717501,l10n_chart_tw_standard_business,717501,壞帳轉回升利益,account.data_account_type_other_income,FALSE
tw_718001,l10n_chart_tw_standard_business,718001,沖銷逾期應付款利益,account.data_account_type_other_income,FALSE
tw_719001,l10n_chart_tw_standard_business,719001,其他收入-其他,account.data_account_type_other_income,FALSE
tw_721001,l10n_chart_tw_standard_business,721001,處分不動產、廠房及設備利益,account.data_account_type_other_income,FALSE
tw_722501,l10n_chart_tw_standard_business,722501,處分投資利益,account.data_account_type_other_income,FALSE
tw_723000,l10n_chart_tw_standard_business,723000,外幣兌換利益,account.data_account_type_other_income,FALSE
tw_723001,l10n_chart_tw_standard_business,723001,外幣兌換利益,account.data_account_type_other_income,FALSE
tw_723002,l10n_chart_tw_standard_business,723002,未實現外幣兌換利益,account.data_account_type_other_income,FALSE
tw_723501,l10n_chart_tw_standard_business,723501,透過損益按公允價值衡量之金融資產(負債)利益,account.data_account_type_other_income,FALSE
tw_724001,l10n_chart_tw_standard_business,724001,按攤銷後成本衡量之金融負債利益,account.data_account_type_other_income,FALSE
tw_726001,l10n_chart_tw_standard_business,726001,不動產、廠房及設備重估價利益,account.data_account_type_other_income,FALSE
tw_727000,l10n_chart_tw_standard_business,727000,減損迴轉利益,account.data_account_type_other_income,FALSE
tw_727101,l10n_chart_tw_standard_business,727101,金融資產減損迴轉利益,account.data_account_type_other_income,FALSE
tw_727301,l10n_chart_tw_standard_business,727301,不動產、廠房及設備減損迴轉利益,account.data_account_type_other_income,FALSE
tw_727901,l10n_chart_tw_standard_business,727901,其他減損迴轉利益,account.data_account_type_other_income,FALSE
tw_737001,l10n_chart_tw_standard_business,737001,採用權益法認列之關聯企業及合資利益之份額,account.data_account_type_other_income,FALSE
tw_737501,l10n_chart_tw_standard_business,737501,採用權益法認列之子公司、關聯企業及合資利益之份額,account.data_account_type_other_income,FALSE
tw_751001,l10n_chart_tw_standard_business,751001,利息費用,account.data_account_type_expenses,FALSE
tw_759001,l10n_chart_tw_standard_business,759001,什項支出,account.data_account_type_expenses,FALSE
tw_761001,l10n_chart_tw_standard_business,761001,處分不動產、廠房及設備損失,account.data_account_type_expenses,FALSE
tw_762501,l10n_chart_tw_standard_business,762501,處分投資損失,account.data_account_type_expenses,FALSE
tw_763000,l10n_chart_tw_standard_business,763000,外幣兌換損失,account.data_account_type_expenses,FALSE
tw_763001,l10n_chart_tw_standard_business,763001,外幣兌換損失,account.data_account_type_expenses,FALSE
tw_763002,l10n_chart_tw_standard_business,763002,未實現外幣兌換損失,account.data_account_type_expenses,FALSE
tw_763501,l10n_chart_tw_standard_business,763501,透過損益按公允價值衡量之金融資產(負債)損失,account.data_account_type_expenses,FALSE
tw_764001,l10n_chart_tw_standard_business,764001,按攤銷後成本衡量之金融負債損失,account.data_account_type_expenses,FALSE
tw_766001,l10n_chart_tw_standard_business,766001,不動產、廠房及設備重估價損失,account.data_account_type_expenses,FALSE
tw_767000,l10n_chart_tw_standard_business,767000,減損損失,account.data_account_type_expenses,FALSE
tw_767101,l10n_chart_tw_standard_business,767101,金融資產減損損失,account.data_account_type_expenses,FALSE
tw_767201,l10n_chart_tw_standard_business,767201,待出售非流動資產減損損失,account.data_account_type_expenses,FALSE
tw_767301,l10n_chart_tw_standard_business,767301,不動產、廠房及設備減損損失,account.data_account_type_expenses,FALSE
tw_767901,l10n_chart_tw_standard_business,767901,其他減損損失,account.data_account_type_expenses,FALSE
tw_777001,l10n_chart_tw_standard_business,777001,採用權益法認列之關聯企業及合資損失之份額,account.data_account_type_expenses,FALSE
tw_777501,l10n_chart_tw_standard_business,777501,採用權益法認列之子公司、關聯企業及合資損失之份額,account.data_account_type_expenses,FALSE
tw_790001,l10n_chart_tw_standard_business,790001,稅前淨利(淨損),account.data_account_type_expenses,FALSE
tw_795000,l10n_chart_tw_standard_business,795000,所得稅費用(利益),account.data_account_type_expenses,FALSE
tw_795101,l10n_chart_tw_standard_business,795101,當期所得稅費用（利益）,account.data_account_type_expenses,FALSE
tw_795201,l10n_chart_tw_standard_business,795201,遞延所得稅費用（利益）,account.data_account_type_expenses,FALSE
tw_800001,l10n_chart_tw_standard_business,800001,繼續營業單位本期淨利(淨損)  ,account.data_account_type_expenses,FALSE
tw_810000,l10n_chart_tw_standard_business,810000,停業單位損益,account.data_account_type_expenses,FALSE
tw_810101,l10n_chart_tw_standard_business,810101,停業單位稅後損益,account.data_account_type_expenses,FALSE
tw_810201,l10n_chart_tw_standard_business,810201,停業單位資產或處分群組處分損益  (稅後),account.data_account_type_expenses,FALSE
tw_810301,l10n_chart_tw_standard_business,810301,停業單位資產或處分群組 按公允價值減出售成本衡量損益(稅後),account.data_account_type_expenses,FALSE
tw_820001,l10n_chart_tw_standard_business,820001,本期淨利(淨損),account.data_account_type_expenses,FALSE
tw_830000,l10n_chart_tw_standard_business,830000,其他綜合損益(淨額),account.data_account_type_expenses,FALSE
tw_831001,l10n_chart_tw_standard_business,831001,國外營運機構財務報表換算之兌換差額,account.data_account_type_expenses,FALSE
tw_832001,l10n_chart_tw_standard_business,832001,權益工具投資之利益(損失),account.data_account_type_expenses,FALSE
tw_832501,l10n_chart_tw_standard_business,832501,備供出售金融資產未實現評價損益,account.data_account_type_expenses,FALSE
tw_833001,l10n_chart_tw_standard_business,833001,現金流量避險,account.data_account_type_expenses,FALSE
tw_834001,l10n_chart_tw_standard_business,834001,國外營運機構淨投資避險,account.data_account_type_expenses,FALSE
tw_835001,l10n_chart_tw_standard_business,835001,重估價之利益(損失),account.data_account_type_expenses,FALSE
tw_836001,l10n_chart_tw_standard_business,836001,確定福利計畫精算利益(損失),account.data_account_type_expenses,FALSE
tw_837001,l10n_chart_tw_standard_business,837001,採用權益法認列之關聯企業及合資之其他綜合損益之份額,account.data_account_type_expenses,FALSE
tw_838001,l10n_chart_tw_standard_business,838001,其他綜合損益,account.data_account_type_expenses,FALSE
tw_839001,l10n_chart_tw_standard_business,839001,與其他綜合損益組成部分相關之所得稅,account.data_account_type_expenses,FALSE
tw_860000,l10n_chart_tw_standard_business,860000,淨利(損)歸屬於：,account.data_account_type_expenses,FALSE
tw_861001,l10n_chart_tw_standard_business,861001,母公司業主(淨利/損),account.data_account_type_expenses,FALSE
tw_862001,l10n_chart_tw_standard_business,862001,非控制權益(淨利/損),account.data_account_type_other_income,FALSE
tw_870000,l10n_chart_tw_standard_business,870000,綜合損益總額歸屬於：,account.data_account_type_other_income,FALSE
tw_871001,l10n_chart_tw_standard_business,871001,母公司業主(綜合損益),account.data_account_type_other_income,FALSE
tw_872001,l10n_chart_tw_standard_business,872001,非控制權益(綜合損益),account.data_account_type_other_income,FALSE
tw_971001,l10n_chart_tw_standard_business,971001,繼續營業單位淨利(淨損),account.data_account_type_other_income,FALSE
tw_972001,l10n_chart_tw_standard_business,972001,停業單位淨利(淨損),account.data_account_type_expenses,FALSE
tw_975000,l10n_chart_tw_standard_business,975000,基本每股盈餘,account.data_account_type_other_income,FALSE
tw_981001,l10n_chart_tw_standard_business,981001,繼續營業單位淨利(淨損),account.data_account_type_expenses,FALSE
tw_982001,l10n_chart_tw_standard_business,982001,停業單位淨利(淨損),account.data_account_type_expenses,FALSE
tw_985000,l10n_chart_tw_standard_business,985000,稀釋每股盈餘,account.data_account_type_other_income,FALSE
